"Status","Class","FriendlyName","InstanceId"
"OK","SurfaceSystemManagement","Surface SMF Core Driver","{16C280BF-D438-43C1-BBF3-688CA0D43E2F}\SURFACESYSTEMMANAGEMENTFRAMEWORK\3&150CCAF0&0&SID_DEVICE_03"
"OK","HIDClass","Surface Hid Mini Driver","{21635D77-3D7C-47B9-BE18-26576667BFDC}\TARGET_SAM&CATEGORY_HID\3&150CCAF0&0&SID_DEVICE_01"
"OK","HIDClass","Surface Hid Mini Driver","{2DEDC554-A829-42AB-90E9-E4E4B4772981}\TARGET_KIP&CATEGORY_HID\3&348FBC8&0&SHP_DEVICE_00000001_B1A3B21F"
"OK","HIDClass","Surface Hid Mini Driver","{2DEDC554-A829-42AB-90E9-E4E4B4772981}\TARGET_KIP&CATEGORY_HID\3&348FBC8&0&SHP_DEVICE_00000002_B1A3B21F"
"OK","HIDClass","Surface Hid Mini Driver","{2DEDC554-A829-42AB-90E9-E4E4B4772981}\TARGET_KIP&CATEGORY_HID\3&348FBC8&0&SHP_DEVICE_00000003_B1A3B21F"
"OK","HIDClass","Surface Hid Mini Driver","{2DEDC554-A829-42AB-90E9-E4E4B4772981}\TARGET_KIP&CATEGORY_HID\3&348FBC8&0&SHP_DEVICE_00000005_B1A3B21F"
"OK","SecurityDevices","Trusted Platform Module 2.0","{36DEAA79-C5DD-447C-95E6-B3859589291A}\TREETPM\4&2BB0E5E4&0"
"OK","System","Microsoft Windows Trusted Runtime Secure Service","{4E815EE1-20F8-41EF-8CFF-3C283F02D722}\{16A1AB50-7413-4875-893D-2E5AA0B79888}\3&F6A7A6B&0"
"OK","System","Microsoft Windows Trusted Runtime Secure Service","{4E815EE1-20F8-41EF-8CFF-3C283F02D722}\{2A51AA84-2DFF-468C-9629-B50103B969D9}\3&F6A7A6B&0"
"OK","System","Microsoft Windows Trusted Runtime Secure Service","{4E815EE1-20F8-41EF-8CFF-3C283F02D722}\{36DEAA79-C5DD-447C-95E6-B3859589291A}\3&F6A7A6B&0"
"OK","System","Microsoft Windows Trusted Runtime Secure Service","{4E815EE1-20F8-41EF-8CFF-3C283F02D722}\{699AA2F1-A42E-40DF-BABE-3AAAD2BB6A47}\3&F6A7A6B&0"
"OK","System","Microsoft Windows Trusted Runtime Secure Service","{4E815EE1-20F8-41EF-8CFF-3C283F02D722}\{72F6EF56-CF28-4D19-A027-1C3EC5E7DF4B}\3&F6A7A6B&0"
"OK","System","Microsoft Windows Trusted Runtime Secure Service","{4E815EE1-20F8-41EF-8CFF-3C283F02D722}\{742E7313-2543-4EB8-BBEB-C5B75945063C}\3&F6A7A6B&0"
"OK","System","Microsoft Windows Trusted Runtime Secure Service","{4E815EE1-20F8-41EF-8CFF-3C283F02D722}\{AE865C08-4A07-404D-BE51-D9A0465E23E5}\3&F6A7A6B&0"
"OK","System","Microsoft Windows Trusted Runtime Secure Service","{4E815EE1-20F8-41EF-8CFF-3C283F02D722}\{D08CBE90-96EA-4031-9EBD-DA11FC8A8319}\3&F6A7A6B&0"
"OK","System","Microsoft Windows Trusted Runtime Secure Service","{4E815EE1-20F8-41EF-8CFF-3C283F02D722}\{EB3C7242-1B1A-4D51-AB55-F268F018F860}\3&F6A7A6B&0"
"OK","System","Microsoft Windows Trusted Runtime Secure Service","{4E815EE1-20F8-41EF-8CFF-3C283F02D722}\{F4637010-03C3-42CD-B932-B48ADF3A6A54}\3&F6A7A6B&0"
"OK","System","Microsoft Windows Trusted Runtime Secure Service","{4E815EE1-20F8-41EF-8CFF-3C283F02D722}\{F5AEA618-0649-49F4-81EF-F2E0F9EAFFCC}\3&F6A7A6B&0"
"OK","Net","Microsoft Wi-Fi Direct Virtual Adapter","{5D624F94-8850-40C3-A3FA-A4FD2080BAF3}\VWIFIMP_WFD\4&263D47EE&0&11"
"OK","Net","Microsoft Wi-Fi Direct Virtual Adapter #2","{5D624F94-8850-40C3-A3FA-A4FD2080BAF3}\VWIFIMP_WFD\4&263D47EE&0&12"
"OK","SCSIAdapter","Microsoft VHD Loopback Controller","{8E7BD593-6E6C-4C52-86A6-77175494DD8E}\MSVHDHBA\1&3030E83&0&01"
"OK","System","Surface Integration Service","{98DE32A9-5D44-419E-B67D-66072BCEF58B}\SISD_DEVICE\3&150CCAF0&0&SID_DEVICE_01"
"OK","System","Surface Radio Monitor","{98DE32A9-5D44-419E-B67D-66072BCEF58B}\SURFACESARMANAGER\3&150CCAF0&0&SID_DEVICE_06"
"OK","Firmware","Surface Storage Firmware Update","{98DE32A9-5D44-419E-B67D-66072BCEF58B}\SURFACESTORAGEFWUPDATE_002D\3&150CCAF0&0&SID_DEVICE_01"
"OK","Battery","Surface Battery","{BFD21D0B-D701-435B-AF19-4A20677898D3}\SURFACEBATTERY\3&150CCAF0&0&SID_DEVICE_02"
"OK","System","Surface System Telemetry Driver","{C56EE0AC-55CF-4E64-B4FF-133FD7BC8E89}\SURFACESYSTEMTELEMETRYDRIVER\3&150CCAF0&0&SID_DEVICE_01"
"OK","SurfaceSystemManagement","Surface SMF Client Driver","{C65C8174-D19C-444B-95D4-40257DB51D7C}\SURFACESMFSYSTEMCLIENT\3&150CCAF0&0&SID_DEVICE_02"
"OK","SurfaceSystemManagement","Surface SMF Client Driver","{C65C8174-D19C-444B-95D4-40257DB51D7C}\SURFACESMFTHERMALCLIENT\3&150CCAF0&0&SID_DEVICE_01"
"OK","System","Surface SPT Core","{D69C83F8-149B-4FD3-9275-19762BD88160}\SURFACEPOWERTRACKERCORE\3&150CCAF0&0&SID_DEVICE_05"
"OK","System","Microsoft ACPI-Compliant System","ACPI_HAL\PNP0C08\0"
"OK","System","Microsoft UEFI-Compliant System","ACPI_HAL\UEFI\0"
"OK","System","ACPI Processor Aggregator","ACPI\ACPI000C\2&DABA3FF&0"
"OK","System","ACPI Wake Alarm","ACPI\ACPI000E\2&DABA3FF&0"
"OK","System","ACPI Processor Container Device","ACPI\ACPI0010\10"
"OK","System","ACPI Processor Container Device","ACPI\ACPI0010\100000"
"OK","HIDClass","GPIO Laptop or Slate Indicator Driver","ACPI\MSHW0005\2&DABA3FF&0"
"OK","System","Surface Button","ACPI\MSHW0040\2&DABA3FF&0"
"OK","System","Surface Serial Hub Driver","ACPI\MSHW0084\2&DABA3FF&0"
"OK","System","Surface ACPI Notify Driver","ACPI\MSHW0091\2&DABA3FF&0"
"OK","System","Surface Pro X Integration","ACPI\MSHW0115\2&DABA3FF&0"
"OK","HIDClass","Surface Tcon","ACPI\MSHW0125\3&7B172E2&0"
"OK","System","Surface Hot Plug - KIP","ACPI\MSHW0153\2&DABA3FF&0"
"OK","System","Surface Light Sensor","ACPI\MSHW0184\1"
"OK","SurfaceSystemManagement","Surface Thermal Policy Driver","ACPI\MSHW0187\1"
"OK","HIDClass","Surface Digtizer HidSpi Extn Package","ACPI\MSHW0235\2&DABA3FF&0"
"OK","Camera","Surface Camera Front","ACPI\OVTI5693\1A"
"OK","Camera","Surface IR Camera Front","ACPI\OVTI7251\1C"
"OK","Camera","Surface Camera Rear","ACPI\OVTID858\15"
"OK","System","PCI Express Root Complex","ACPI\PNP0A08\0"
"OK","System","PCI Express Root Complex","ACPI\PNP0A08\2"
"OK","System","PCI Express Root Complex","ACPI\PNP0A08\3"
"OK","System","ACPI Lid","ACPI\PNP0C0D\2&DABA3FF&0"
"OK","System","Qualcomm(R) Bus Device","ACPI\QCOM040A\1"
"OK","System","Qualcomm(R) Bus Device","ACPI\QCOM040A\10"
"OK","System","Qualcomm(R) Bus Device","ACPI\QCOM040A\5"
"OK","System","Qualcomm(R) Bus Device","ACPI\QCOM040A\6"
"OK","System","Qualcomm(R) Bus Device","ACPI\QCOM040A\7"
"OK","System","Qualcomm(R) Bus Device","ACPI\QCOM040A\D"
"OK","System","Qualcomm(R) Bus Device","ACPI\QCOM040A\E"
"OK","System","Qualcomm(R) Bus Device","ACPI\QCOM040A\F"
"OK","System","Qualcomm(R) System Manager SCM Device","ACPI\QCOM040B\0"
"OK","System","Qualcomm(R) Bus Device","ACPI\QCOM040C\1"
"OK","System","Qualcomm(R) System Manager GPIO Device","ACPI\QCOM040D\0"
"OK","System","Qualcomm(R) Data Device","ACPI\QCOM040E\2&DABA3FF&0"
"OK","System","Surface Pro X SPI Device","ACPI\QCOM040F\2"
"OK","System","Surface Pro X SPI Device","ACPI\QCOM040F\4"
"OK","System","Qualcomm(R) I2C Bus Device","ACPI\QCOM0411\2"
"OK","System","Qualcomm(R) I2C Bus Device","ACPI\QCOM0411\5"
"OK","System","Qualcomm(R) I2C Bus Device","ACPI\QCOM0411\A"
"OK","System","Qualcomm(R) Hexagon(TM) 690 DSP","ACPI\QCOM0412\0"
"OK","System","Qualcomm(R) Hexagon(TM) 690 DSP","ACPI\QCOM0412\1"
"OK","System","Qualcomm(R) Hexagon(TM) 690 DSP","ACPI\QCOM0412\2"
"OK","System","Qualcomm(R) Memory and File System Device","ACPI\QCOM0417\2&DABA3FF&0"
"OK","Ports","Surface Pro X UART Device(COM2)","ACPI\QCOM0418\10"
"OK","Ports","Surface Pro X UART Device(COM1)","ACPI\QCOM0418\12"
"OK","Ports","Surface Pro X UART Device(COM3)","ACPI\QCOM0418\D"
"OK","Ports","Surface Pro X UART Device(COM4)","ACPI\QCOM0418\E"
"OK","System","Surface Pro X Power Engine Plug-in Device","ACPI\QCOM0419\2&DABA3FF&0"
"OK","System","Qualcomm(R) Peripheral Image Loader Device","ACPI\QCOM041B\2&DABA3FF&0"
"OK","System","Qualcomm(R) Aqstic(TM)","ACPI\QCOM041D\2&DABA3FF&0"
"OK","System","Snapdragon (TM) X24 LTE Modem","ACPI\QCOM041E\2&DABA3FF&0"
"OK","System","Qualcomm Service Manager Device","ACPI\QCOM0420\2&DABA3FF&0"
"OK","System","Qualcomm(R) All-Ways Aware(TM) Hub","ACPI\QCOM0421\2&DABA3FF&0"
"OK","System","Qualcomm Subsystem Dependency Device","ACPI\QCOM0422\2&DABA3FF&0"
"OK","System","Surface Pro X CDSP Subsystem","ACPI\QCOM0423\2&DABA3FF&0"
"OK","System","Qualcomm(R) ACPI Bridge Device","ACPI\QCOM0427\0"
"OK","Camera","Qualcomm(R) Spectra(TM) 390 ISP Camera ISP Device","ACPI\QCOM0428\16"
"OK","System","Qualcomm(R) Power Management","ACPI\QCOM042E\2&DABA3FF&0"
"OK","System","Qualcomm(R) Power Management","ACPI\QCOM042F\2&DABA3FF&0"
"OK","System","Surface Pro X PMIC GPIO Client Device","ACPI\QCOM0430\1"
"OK","System","Qualcomm(R) System Manager Device","ACPI\QCOM0432\2&DABA3FF&0"
"OK","System","Qualcomm(R) System Manager Device","ACPI\QCOM0433\2&DABA3FF&0"
"OK","Camera","Qualcomm(R) Spectra(TM) 390 ISP Camera Platform Device","ACPI\QCOM0435\1B"
"OK","Camera","Qualcomm(R) Spectra(TM) 390 ISP Camera JPEG Encoder Device","ACPI\QCOM0436\17"
"OK","System","Surface Pro X Temperature Sensor Device","ACPI\QCOM044C\0"
"OK","System","Surface Pro X Temperature Sensor Device","ACPI\QCOM0450\0"
"OK","System","Surface Pro X Temperature Sensor Device","ACPI\QCOM045C\0"
"OK","System","Surface Pro X Temperature Sensor Device","ACPI\QCOM045C\1"
"OK","System","Surface Pro X Temperature Sensor Device","ACPI\QCOM045D\0"
"OK","System","Surface Pro X Temperature Sensor Device","ACPI\QCOM045D\1"
"OK","System","Surface Pro X Temperature Sensor Device","ACPI\QCOM045E\64"
"OK","System","Qualcomm(R) Data Device","ACPI\QCOM045F\1"
"OK","System","Qualcomm(R) Data Device","ACPI\QCOM045F\2&DABA3FF&0"
"OK","System","Qualcomm(R) FastRPC Device","ACPI\QCOM0460\2&DABA3FF&0"
"OK","System","Surface Pro X ADC Temperature Monitor Device","ACPI\QCOM0462\0"
"OK","System","Surface Pro X ADC Temperature Monitor Device","ACPI\QCOM0462\1"
"OK","System","Surface Pro X ADC Temperature Monitor Device","ACPI\QCOM0462\2"
"OK","System","Surface Pro X ADC Temperature Monitor Device","ACPI\QCOM0463\0"
"OK","System","Surface Pro X ADC Temperature Monitor Device","ACPI\QCOM0465\0"
"OK","System","Surface Pro X ADC Temperature Monitor Device","ACPI\QCOM0465\1"
"OK","System","Surface Pro X ADC Temperature Monitor Device","ACPI\QCOM0467\0"
"OK","System","Surface Pro X ADC Temperature Monitor Device","ACPI\QCOM0469\0"
"OK","System","Surface Pro X ADC Temperature Monitor Device","ACPI\QCOM0469\1"
"OK","System","Qualcomm(R) IPA Bus Device","ACPI\QCOM0470\0"
"OK","Bluetooth","Qualcomm(R) Bluetooth UART Transport Driver","ACPI\QCOM0471\2&DABA3FF&0"
"OK","Sensor","Qualcomm(R) Location","ACPI\QCOM0472\0"
"OK","System","Qualcomm(R) System Manager Device","ACPI\QCOM0476\0"
"OK","System","Qualcomm(R) Protection Domain Service Registry Device","ACPI\QCOM047C\2&DABA3FF&0"
"OK","System","Qualcomm(R) Bus Device","ACPI\QCOM0483\0"
"OK","System","Qualcomm(R) Audio RPC Daemon Device","ACPI\QCOM048A\2&DABA3FF&0"
"OK","System","Qualcomm(R) Data Device","ACPI\QCOM048B\2&DABA3FF&0"
"OK","System","Qualcomm(R) Memory and File System Device","ACPI\QCOM048D\0"
"OK","System","Qualcomm(R) Bus Device","ACPI\QCOM0493\0"
"OK","System","Qualcomm(R) Bus Device","ACPI\QCOM0493\1"
"OK","System","Qualcomm(R) Bus Device","ACPI\QCOM0493\2"
"OK","USB","Synopsys USB 3.0 Dual-Role Controller","ACPI\QCOM0497\0"
"OK","USB","Synopsys USB 3.0 Dual-Role Controller","ACPI\QCOM0497\1"
"OK","System","Qualcomm(R) IOMMU Device","ACPI\QCOM049B\0"
"OK","System","Qualcomm(R) IOMMU Device","ACPI\QCOM049B\1"
"OK","System","Surface Pro X Temperature Sensor Device","ACPI\QCOM049D\0"
"OK","System","Surface Pro X Temperature Sensor Device","ACPI\QCOM049E\0"
"OK","Sensor","Surface Pro X Qualcomm(R) All-Ways Aware(TM) Hub","ACPI\QCOM049F\2&DABA3FF&0"
"OK","System","Qualcomm(R) Power Management","ACPI\QCOM04A2\0"
"OK","Camera","Qualcomm(R) Spectra(TM) 390 ISP Camera MipiCsi Device","ACPI\QCOM04A4\18"
"OK","USB","Qualcomm(R) XHCI Filter Device","ACPI\QCOM04A6\2"
"OK","System","Qualcomm USBC UCSI Participant","ACPI\QCOM04A9\2&DABA3FF&0"
"OK","System","Qualcomm(R) SOC Partition Interface Device","ACPI\QCOM04AA\2&DABA3FF&0"
"OK","System","Qualcomm Modem Limiting Thermal Device","ACPI\QCOM04AF\2&DABA3FF&0"
"OK","Processor","Microsoft SQ2 @ 3.15 GHz","ACPI\QUALCOMM_TECHNOLOGIES_INC_-_ARMV8_(64-BIT)_FAMILY_8_MODEL_805_REVISION_D0E\0"
"OK","Processor","Microsoft SQ2 @ 3.15 GHz","ACPI\QUALCOMM_TECHNOLOGIES_INC_-_ARMV8_(64-BIT)_FAMILY_8_MODEL_805_REVISION_D0E\1"
"OK","Processor","Microsoft SQ2 @ 3.15 GHz","ACPI\QUALCOMM_TECHNOLOGIES_INC_-_ARMV8_(64-BIT)_FAMILY_8_MODEL_805_REVISION_D0E\2"
"OK","Processor","Microsoft SQ2 @ 3.15 GHz","ACPI\QUALCOMM_TECHNOLOGIES_INC_-_ARMV8_(64-BIT)_FAMILY_8_MODEL_805_REVISION_D0E\3"
"OK","Processor","Microsoft SQ2 @ 3.15 GHz","ACPI\QUALCOMM_TECHNOLOGIES_INC_-_ARMV8_(64-BIT)_FAMILY_8_MODEL_805_REVISION_D0E\4"
"OK","Processor","Microsoft SQ2 @ 3.15 GHz","ACPI\QUALCOMM_TECHNOLOGIES_INC_-_ARMV8_(64-BIT)_FAMILY_8_MODEL_805_REVISION_D0E\5"
"OK","Processor","Microsoft SQ2 @ 3.15 GHz","ACPI\QUALCOMM_TECHNOLOGIES_INC_-_ARMV8_(64-BIT)_FAMILY_8_MODEL_805_REVISION_D0E\6"
"OK","Processor","Microsoft SQ2 @ 3.15 GHz","ACPI\QUALCOMM_TECHNOLOGIES_INC_-_ARMV8_(64-BIT)_FAMILY_8_MODEL_805_REVISION_D0E\7"
"OK","System","Qualcomm(R) Memory and File System Device","ACPI\VEN_QCOM&DEV_0409&SUBSYS_CLS08180&REV_0002\0"
"OK","System","Qualcomm(R) Memory and File System Device","ACPI\VEN_QCOM&DEV_0409&SUBSYS_CLS08180&REV_0002\1"
"OK","Display","Microsoft SQ2 Adreno 690 GPU","ACPI\VEN_QCOM&DEV_043A&SUBSYS_MSWW8180&REV_0D15\0"
"OK","System","Qualcomm(R) Memory and File System Device","ACPI\VEN_QCOM&DEV_048C&SUBSYS_CLS08180&REV_0002\2&DABA3FF&0"
"OK","MEDIA","Qualcomm(R) Aqstic(TM) Audio Device","ADCM\VEN_QCOM&DEV_0425&SUBSYS_CLS08180\5&336F2F6E&0&0"
"OK","System","Qualcomm(R) Bus Device","ADSP\VEN_QCOM&DEV_0410&SUBSYS_CLS08180\3&39BFDC76&1&0"
"OK","System","Qualcomm(R) Bus Device","ADSP\VEN_QCOM&DEV_0410&SUBSYS_CLS08180\3&39BFDC76&1&1"
"OK","MEDIA","Surface Qualcomm(R) Aqstic(TM)","AUDD\VEN_QCOM&DEV_042C&SUBSYS_CLS08180\6&14D58086&0&1"
"OK","MEDIA","Qualcomm(R) Multi Button Headset Controller","AUDD\VEN_QCOM&DEV_0437&SUBSYS_CLS08180\6&14D58086&0&0"
"OK","Bluetooth","Microsoft Bluetooth Enumerator","BTH\MS_BTHBRB\4&1DFFE47F&0&1"
"OK","Bluetooth","Microsoft Bluetooth LE Enumerator","BTH\MS_BTHLE\4&1DFFE47F&0&3"
"OK","Net","Bluetooth Device (Personal Area Network)","BTH\MS_BTHPAN\4&1DFFE47F&0&2"
"OK","Bluetooth","Bluetooth Device (RFCOMM Protocol TDI)","BTH\MS_RFCOMM\4&1DFFE47F&0&0"
"OK","Ports","표준 Bluetooth에서 직렬 링크(COM9)","BTHENUM\{00001101-0000-1000-8000-00805F9B34FB}_LOCALMFG&0000\5&270C176A&0&000000000000_00000001"
"OK","Ports","표준 Bluetooth에서 직렬 링크(COM8)","BTHENUM\{00001101-0000-1000-8000-00805F9B34FB}_VID&000105D6_PID&000A\5&270C176A&0&1C521695A8E8_C00000000"
"OK","MEDIA","QCY-T13 ANC","BTHENUM\{0000110B-0000-1000-8000-00805F9B34FB}_VID&000105D6_PID&000A\5&20E1259&0&1C521695A8E8_C00000000"
"OK","Bluetooth","QCY-T13 ANC Avrcp Transport","BTHENUM\{0000110C-0000-1000-8000-00805F9B34FB}_VID&000105D6_PID&000A\5&20E1259&0&1C521695A8E8_C00000000"
"OK","Bluetooth","QCY-T13 ANC Avrcp Transport","BTHENUM\{0000110E-0000-1000-8000-00805F9B34FB}_VID&000105D6_PID&000A\5&20E1259&0&1C521695A8E8_C00000000"
"OK","System","QCY-T13 ANC Hands-Free AG","BTHENUM\{0000111E-0000-1000-8000-00805F9B34FB}_HCIBYPASS_VID&000105D6_PID&000A\5&20E1259&0&1C521695A8E8_C00000000"
"OK",,"JL_SPP","BTHENUM\{FE010000-1234-5678-ABCD-00805F9B34FB}_VID&000105D6_PID&000A\5&20E1259&0&1C521695A8E8_C00000000"
"OK","Bluetooth","QCY-T13 ANC","BTHENUM\DEV_1C521695A8E8\5&20E1259&0&BLUETOOTHDEVICE_1C521695A8E8"
"OK","Bluetooth","Pebble M350s","BTHLE\DEV_D0881E7540C9\5&18C35BC1&0&D0881E7540C9"
"OK","Bluetooth","Pebble M350s","BTHLE\DEV_D0881E7540CB\5&18C35BC1&0&D0881E7540CB"
"OK","Bluetooth","Logi K855","BTHLE\DEV_D5177F1F6103\5&18C35BC1&0&D5177F1F6103"
"OK","Bluetooth","Logi K855","BTHLE\DEV_D5177F1F6105\5&18C35BC1&0&D5177F1F6105"
"OK","Bluetooth","Generic Access Profile","BTHLEDEVICE\{00001800-0000-1000-8000-00805F9B34FB}_DEV_VID&02046D_PID&B036_REV&0007_D0881E7540C9\6&B34B413&0&0001"
"OK","Bluetooth","Generic Access Profile","BTHLEDEVICE\{00001800-0000-1000-8000-00805F9B34FB}_DEV_VID&02046D_PID&B036_REV&0007_D0881E7540CB\6&222CE9E1&0&0001"
"OK","Bluetooth","Generic Access Profile","BTHLEDEVICE\{00001800-0000-1000-8000-00805F9B34FB}_DEV_VID&02046D_PID&B372_REV&0013_D5177F1F6103\6&337BAEF1&0&0001"
"OK","Bluetooth","Generic Access Profile","BTHLEDEVICE\{00001800-0000-1000-8000-00805F9B34FB}_DEV_VID&02046D_PID&B372_REV&0013_D5177F1F6105\6&33C23F45&0&0001"
"OK","Bluetooth","Generic Attribute Profile","BTHLEDEVICE\{00001801-0000-1000-8000-00805F9B34FB}_DEV_VID&02046D_PID&B036_REV&0007_D0881E7540C9\6&B34B413&0&000A"
"OK","Bluetooth","Generic Attribute Profile","BTHLEDEVICE\{00001801-0000-1000-8000-00805F9B34FB}_DEV_VID&02046D_PID&B036_REV&0007_D0881E7540CB\6&222CE9E1&0&000A"
"OK","Bluetooth","Generic Attribute Profile","BTHLEDEVICE\{00001801-0000-1000-8000-00805F9B34FB}_DEV_VID&02046D_PID&B372_REV&0013_D5177F1F6103\6&337BAEF1&0&000A"
"OK","Bluetooth","Generic Attribute Profile","BTHLEDEVICE\{00001801-0000-1000-8000-00805F9B34FB}_DEV_VID&02046D_PID&B372_REV&0013_D5177F1F6105\6&33C23F45&0&000A"
"OK","Bluetooth","Device Information Service","BTHLEDEVICE\{0000180A-0000-1000-8000-00805F9B34FB}_DEV_VID&02046D_PID&B036_REV&0007_D0881E7540C9\6&B34B413&0&000E"
"OK","Bluetooth","Device Information Service","BTHLEDEVICE\{0000180A-0000-1000-8000-00805F9B34FB}_DEV_VID&02046D_PID&B036_REV&0007_D0881E7540CB\6&222CE9E1&0&000E"
"OK","Bluetooth","Device Information Service","BTHLEDEVICE\{0000180A-0000-1000-8000-00805F9B34FB}_DEV_VID&02046D_PID&B372_REV&0013_D5177F1F6103\6&337BAEF1&0&000E"
"OK","Bluetooth","Device Information Service","BTHLEDEVICE\{0000180A-0000-1000-8000-00805F9B34FB}_DEV_VID&02046D_PID&B372_REV&0013_D5177F1F6105\6&33C23F45&0&000E"
"OK","Bluetooth","Bluetooth LE Generic Attribute Service","BTHLEDEVICE\{0000180F-0000-1000-8000-00805F9B34FB}_DEV_VID&02046D_PID&B036_REV&0007_D0881E7540C9\6&B34B413&0&001B"
"OK","Bluetooth","Bluetooth LE Generic Attribute Service","BTHLEDEVICE\{0000180F-0000-1000-8000-00805F9B34FB}_DEV_VID&02046D_PID&B036_REV&0007_D0881E7540CB\6&222CE9E1&0&001B"
"OK","Bluetooth","Bluetooth LE Generic Attribute Service","BTHLEDEVICE\{0000180F-0000-1000-8000-00805F9B34FB}_DEV_VID&02046D_PID&B372_REV&0013_D5177F1F6103\6&337BAEF1&0&001B"
"OK","Bluetooth","Bluetooth LE Generic Attribute Service","BTHLEDEVICE\{0000180F-0000-1000-8000-00805F9B34FB}_DEV_VID&02046D_PID&B372_REV&0013_D5177F1F6105\6&33C23F45&0&001B"
"OK","HIDClass","Bluetooth Low Energy GATT compliant HID device","BTHLEDEVICE\{00001812-0000-1000-8000-00805F9B34FB}_DEV_VID&02046D_PID&B036_REV&0007_D0881E7540C9\6&B34B413&0&001F"
"OK","HIDClass","Bluetooth Low Energy GATT compliant HID device","BTHLEDEVICE\{00001812-0000-1000-8000-00805F9B34FB}_DEV_VID&02046D_PID&B036_REV&0007_D0881E7540CB\6&222CE9E1&0&001F"
"OK","HIDClass","Bluetooth Low Energy GATT compliant HID device","BTHLEDEVICE\{00001812-0000-1000-8000-00805F9B34FB}_DEV_VID&02046D_PID&B372_REV&0013_D5177F1F6103\6&337BAEF1&0&001F"
"OK","HIDClass","Bluetooth Low Energy GATT compliant HID device","BTHLEDEVICE\{00001812-0000-1000-8000-00805F9B34FB}_DEV_VID&02046D_PID&B372_REV&0013_D5177F1F6105\6&33C23F45&0&001F"
"OK","Bluetooth","Bluetooth LE Generic Attribute Service","BTHLEDEVICE\{0000FD72-0000-1000-8000-00805F9B34FB}_DEV_VID&02046D_PID&B036_REV&0007_D0881E7540C9\6&B34B413&0&0036"
"OK","Bluetooth","Bluetooth LE Generic Attribute Service","BTHLEDEVICE\{0000FD72-0000-1000-8000-00805F9B34FB}_DEV_VID&02046D_PID&B036_REV&0007_D0881E7540CB\6&222CE9E1&0&0036"
"OK","Bluetooth","Bluetooth LE Generic Attribute Service","BTHLEDEVICE\{0000FD72-0000-1000-8000-00805F9B34FB}_DEV_VID&02046D_PID&B372_REV&0013_D5177F1F6103\6&337BAEF1&0&003F"
"OK","Bluetooth","Bluetooth LE Generic Attribute Service","BTHLEDEVICE\{0000FD72-0000-1000-8000-00805F9B34FB}_DEV_VID&02046D_PID&B372_REV&0013_D5177F1F6105\6&33C23F45&0&003F"
"OK","Bluetooth","Bluetooth LE Generic Attribute Service","BTHLEDEVICE\{00010000-0000-1000-8000-011F2000046D}_DEV_VID&02046D_PID&B036_REV&0007_D0881E7540C9\6&B34B413&0&0043"
"OK","Bluetooth","Bluetooth LE Generic Attribute Service","BTHLEDEVICE\{00010000-0000-1000-8000-011F2000046D}_DEV_VID&02046D_PID&B036_REV&0007_D0881E7540CB\6&222CE9E1&0&0043"
"OK","Bluetooth","Bluetooth LE Generic Attribute Service","BTHLEDEVICE\{00010000-0000-1000-8000-011F2000046D}_DEV_VID&02046D_PID&B372_REV&0013_D5177F1F6103\6&337BAEF1&0&004C"
"OK","Bluetooth","Bluetooth LE Generic Attribute Service","BTHLEDEVICE\{00010000-0000-1000-8000-011F2000046D}_DEV_VID&02046D_PID&B372_REV&0013_D5177F1F6105\6&33C23F45&0&004C"
"OK","HIDClass","Surface Button Converted Portable Button Device","BUTTONCONVERTER\CONVERTEDDEVICE\5&25D3E157&0&0"
"OK","HIDClass","Surface Button Converted Portable Button Device","BUTTONCONVERTER\CONVERTEDDEVICE\9&49CF06A&0&0"
"Unknown","Monitor","Generic Monitor (LG SIGNAGE)","DISPLAY\GSM0001\3&E596AA7&0&UID5"
"Unknown","Monitor","Generic Monitor (LG SIGNAGE)","DISPLAY\GSM0003\3&E596AA7&0&UID5"
"Unknown","Monitor","Generic Monitor (LG FULL HD)","DISPLAY\GSM5BDF\3&E596AA7&0&UID3"
"OK","Monitor","Generic Monitor (LG FULL HD)","DISPLAY\GSM5BDF\3&E596AA7&0&UID5"
"OK","Monitor","Surface Calibrated Panel","DISPLAY\LGD0555\3&E596AA7&0&UID0"
"OK","Camera","Surface Camera AVStream Device","DISPLAY\QCOM_AVSTREAM_8180\3&E596AA7&0&UID32768"
"Unknown","Mouse","HID-compliant mouse","HID\{00001812-0000-1000-8000-00805F9B34FB}_DEV_VID&02046D_PID&B036_REV&0007_D0881E7540C9&COL01\7&38FC3209&0&0000"
"Unknown","HIDClass","HID-compliant vendor-defined device","HID\{00001812-0000-1000-8000-00805F9B34FB}_DEV_VID&02046D_PID&B036_REV&0007_D0881E7540C9&COL02\7&38FC3209&0&0001"
"OK","Mouse","HID-compliant mouse","HID\{00001812-0000-1000-8000-00805F9B34FB}_DEV_VID&02046D_PID&B036_REV&0007_D0881E7540CB&COL01\7&59D2377&0&0000"
"OK","HIDClass","HID-compliant vendor-defined device","HID\{00001812-0000-1000-8000-00805F9B34FB}_DEV_VID&02046D_PID&B036_REV&0007_D0881E7540CB&COL02\7&59D2377&0&0001"
"Unknown","Keyboard","HID Keyboard Device","HID\{00001812-0000-1000-8000-00805F9B34FB}_DEV_VID&02046D_PID&B372_REV&0013_D5177F1F6103&COL01\7&268C43B7&0&0000"
"Unknown","HIDClass","HID-compliant consumer control device","HID\{00001812-0000-1000-8000-00805F9B34FB}_DEV_VID&02046D_PID&B372_REV&0013_D5177F1F6103&COL02\7&268C43B7&0&0001"
"Unknown","HIDClass","HID-compliant vendor-defined device","HID\{00001812-0000-1000-8000-00805F9B34FB}_DEV_VID&02046D_PID&B372_REV&0013_D5177F1F6103&COL03\7&268C43B7&0&0002"
"OK","Keyboard","HID Keyboard Device","HID\{00001812-0000-1000-8000-00805F9B34FB}_DEV_VID&02046D_PID&B372_REV&0013_D5177F1F6105&COL01\7&3A09D58B&0&0000"
"OK","HIDClass","HID-compliant consumer control device","HID\{00001812-0000-1000-8000-00805F9B34FB}_DEV_VID&02046D_PID&B372_REV&0013_D5177F1F6105&COL02\7&3A09D58B&0&0001"
"OK","HIDClass","HID-compliant vendor-defined device","HID\{00001812-0000-1000-8000-00805F9B34FB}_DEV_VID&02046D_PID&B372_REV&0013_D5177F1F6105&COL03\7&3A09D58B&0&0002"
"OK","Keyboard","Surface Button HID Keyboard Device","HID\CONVERTEDDEVICE&COL01\6&16B2E87E&0&0000"
"OK","Keyboard","Surface Button HID Keyboard Device","HID\CONVERTEDDEVICE&COL01\A&99E19FB&0&0000"
"OK","HIDClass","Surface Button HID Control Device","HID\CONVERTEDDEVICE&COL02\6&16B2E87E&0&0001"
"OK","HIDClass","Surface Button HID Control Device","HID\CONVERTEDDEVICE&COL02\A&99E19FB&0&0001"
"OK","HIDClass","Surface Button HID System Controller","HID\CONVERTEDDEVICE&COL03\6&16B2E87E&0&0002"
"OK","HIDClass","Surface Button HID System Controller","HID\CONVERTEDDEVICE&COL03\A&99E19FB&0&0002"
"OK","HIDClass","Surface Button Portable Button Device","HID\HID_DEVICE_SYSTEM_VHF&COL01\4&15D956B6&0&0000"
"OK","Keyboard","Surface Button HID Keyboard Device","HID\HID_DEVICE_SYSTEM_VHF&COL01\4&2FE1F27&0&0000"
"OK","HIDClass","Surface Button HID Control Device","HID\HID_DEVICE_SYSTEM_VHF&COL02\4&15D956B6&0&0001"
"OK","HIDClass","Surface Button HID Control Device","HID\HID_DEVICE_SYSTEM_VHF&COL02\4&2FE1F27&0&0001"
"OK","Sensor","HID Ambient Light Sensor","HID\HID_DEVICE_SYSTEM_VHF\5&E9DC84F&0&0000"
"OK","HIDClass","Portable Device Control device","HID\HID_DEVICE_SYSTEM_VHF\8&2B866799&0&0000"
"OK","HIDClass","Surface Ink","HID\MSHW0125&COL01\4&7EA80AE&0&0000"
"OK","HIDClass","Surface Color Profile","HID\MSHW0125&COL02\4&7EA80AE&0&0001"
"OK","HIDClass","Surface Touch Communications","HID\MSHW0235&COL01\3&DD6D228&0&0000"
"OK","HIDClass","Surface Touch Pen Processor","HID\MSHW0235&COL02\3&DD6D228&0&0001"
"OK","HIDClass","Surface Digitizer Utility","HID\MSHW0235&COL03\3&DD6D228&0&0002"
"OK","HIDClass","Surface Virtual Function Enum Device","HID\MSHW0235&COL04\3&DD6D228&0&0003"
"OK","HIDClass","Surface Touch Pen Device","HID\MSHW0235&COL05\3&DD6D228&0&0004"
"OK","HIDClass","Surface Pen BLE LC Adaptation Driver","HID\MSHW0235&COL06\3&DD6D228&0&0005"
"OK","Firmware","Surface Pen Cfu Over Ble LC Connection","HID\MSHW0235&COL07\3&DD6D228&0&0006"
"OK","HIDClass","Surface Touch Screen Device","HID\MSHW0235&COL08\3&DD6D228&0&0007"
"OK","HIDClass","Surface HID Color","HID\TARGET_KIP&CATEGORY_HID&COL01\4&253A8463&0&0000"
"OK","Keyboard","Surface Button HID Keyboard Device","HID\TARGET_KIP&CATEGORY_HID&COL01\4&392948AB&0&0000"
"OK","Mouse","HID-compliant mouse","HID\TARGET_KIP&CATEGORY_HID&COL01\4&3A6DD3D5&0&0000"
"OK","Keyboard","Surface Button HID Keyboard Device","HID\TARGET_KIP&CATEGORY_HID&COL01\4&A24595&0&0000"
"OK","Firmware","Surface Type Cover v7 Firmware Update","HID\TARGET_KIP&CATEGORY_HID&COL02\4&253A8463&0&0001"
"OK","HIDClass","Surface Button HID System Controller","HID\TARGET_KIP&CATEGORY_HID&COL02\4&392948AB&0&0001"
"OK","HIDClass","HID-compliant touch pad","HID\TARGET_KIP&CATEGORY_HID&COL02\4&3A6DD3D5&0&0001"
"OK","HIDClass","HID-compliant vendor-defined device","HID\TARGET_KIP&CATEGORY_HID&COL02\4&A24595&0&0001"
"OK","HIDClass","Surface HID USP Encapsulation","HID\TARGET_KIP&CATEGORY_HID&COL03\4&253A8463&0&0002"
"OK","HIDClass","Surface Button HID Control Device","HID\TARGET_KIP&CATEGORY_HID&COL03\4&392948AB&0&0002"
"OK","HIDClass","Microsoft Input Configuration Device","HID\TARGET_KIP&CATEGORY_HID&COL03\4&3A6DD3D5&0&0002"
"OK","HIDClass","Surface Pen BLE LC Adaptation Driver","HID\TARGET_KIP&CATEGORY_HID&COL03\4&A24595&0&0002"
"OK","HIDClass","HID-compliant device","HID\TARGET_KIP&CATEGORY_HID&COL04\4&392948AB&0&0003"
"OK","HIDClass","Surface Navigation Accessory","HID\TARGET_KIP&CATEGORY_HID&COL04\4&3A6DD3D5&0&0003"
"OK","HIDClass","Surface HID USP Encapsulation","HID\TARGET_KIP&CATEGORY_HID&COL05\4&3A6DD3D5&0&0004"
"OK","UCM","Surface UCM UCSI HID Client","HID\TARGET_SAM&CATEGORY_HID\4&1CD2A9DD&0&0000"
"Unknown","Mouse","HID-compliant mouse","HID\VID_0461&PID_4E87\6&34A00DAC&0&0000"
"OK",,,"HTREE\ROOT\0"
"OK","System","PCI Express Root Port","PCI\VEN_17CB&DEV_0109&SUBSYS_00000000&REV_00\3&11583659&0&00"
"OK","System","PCI Express Root Port","PCI\VEN_17CB&DEV_0109&SUBSYS_00000000&REV_00\3&36CB97A3&0&00"
"OK","System","PCI Express Root Port","PCI\VEN_17CB&DEV_0109&SUBSYS_00000000&REV_00\3&3AA59A3&0&00"
"OK","SCSIAdapter","Standard NVM Express Controller","PCI\VEN_1C5C&DEV_1327&SUBSYS_00001C5C&REV_00\9943AD05002EE4AC00"
"OK","Bluetooth","Qualcomm(R) Bluetooth Radio Driver","QCA_SHB\UART_H4_CHE\3&181E29F6&0&4097"
"OK","Net","Qualcomm(R) Wi-Fi B/G/N/AC (2x2) Svc","QCMS\VEN_QCOM&DEV_042B&SUBSYS_MSWW8180\3&33C1B731&0&0"
"OK","Net","Snapdragon (TM) X24 LTE Modem","QCMS\VEN_QCOM&DEV_0489&SUBSYS_MSWW8180\3&33C1B731&0&0"
"OK","Computer","ACPI ARM64-based PC","ROOT\ARM64_HAL\0000"
"OK","System","Microsoft Basic Display Driver","ROOT\BASICDISPLAY\0000"
"OK","System","Microsoft Basic Render Driver","ROOT\BASICRENDER\0000"
"OK","System","Charge Arbitration Driver","ROOT\CAD\0000"
"OK","System","Composite Bus Enumerator","ROOT\COMPOSITEBUS\0000"
"OK","System","Microsoft Hypervisor Service","ROOT\HVSERVICE\0000"
"OK","Net","Microsoft Kernel Debug Network Adapter","ROOT\KDNIC\0000"
"OK","System","Microsoft System Management BIOS Driver","ROOT\MSSMBIOS\0000"
"OK","System","NDIS Virtual Network Adapter Enumerator","ROOT\NDISVIRTUALBUS\0000"
"OK","SecurityDevices","Microsoft Pluton security processor","ROOT\PLUTONQC\0000"
"OK","System","Remote Desktop Device Redirector Bus","ROOT\RDPBUS\0000"
"OK","SCSIAdapter","Microsoft Storage Spaces Controller","ROOT\SPACEPORT\0000"
"OK","System","Microsoft Hyper-V 가상 디스크 서버","ROOT\STORVSP\0000"
"OK","System","Plug and Play Software Device Enumerator","ROOT\SYSTEM\0000"
"OK","System","UMBus Root Bus Enumerator","ROOT\UMBUS\0000"
"OK","System","Microsoft Virtual Drive Enumerator","ROOT\VDRVROOT\0000"
"OK","System","Microsoft Hyper-V Virtualization Infrastructure Driver","ROOT\VID\0000"
"OK","System","Microsoft Hyper-V 가상 컴퓨터 버스 공급자","ROOT\VMBUS\0000"
"OK","System","Volume Manager","ROOT\VOLMGR\0000"
"OK","System","Microsoft Hyper-V PCI Server","ROOT\VPCIVSP\0000"
"OK","Biometric","Facial Recognition (Windows Hello) Software Device","ROOT\WINDOWSHELLOFACESOFTWAREDRIVER\0000"
"OK","DiskDrive","HFM256GDGTNG-87A0A","SCSI\DISK&VEN_NVME&PROD_HFM256GDGTNG-87A\5&244AC0C9&0&000000"
"OK","System","Qualcomm(R) Aqstic(TM)","SLM1\VEN_QCOM&DEV_0424&SUBSYS_CLS08180\4&29F1C7DD&0&1"
"Unknown","Volume","Volume","STORAGE\VOLUME\{CAC7FBB5-FBBE-11F0-BA09-00A0C6000000}#0000000000100000"
"OK","Volume","Volume","STORAGE\VOLUME\{EEC258B9-86E8-11EE-8417-806E6F6E6963}#0000000000100000"
"OK","Volume","Volume","STORAGE\VOLUME\{EEC258B9-86E8-11EE-8417-806E6F6E6963}#0000000010500000"
"OK","Volume","Volume","STORAGE\VOLUME\{EEC258B9-86E8-11EE-8417-806E6F6E6963}#0000000011500000"
"OK","Volume","Volume","STORAGE\VOLUME\{EEC258B9-86E8-11EE-8417-806E6F6E6963}#0000003B6D000000"
"OK","MEDIA","Microsoft Streaming Service Proxy","SW\{96E080C7-143C-11D1-B40F-00A0C9223196}\{3C0D501A-140B-11D1-B40F-00A0C9223196}"
"Unknown","Net","RAS Async Adapter","SW\{EEAB7790-C514-11D1-B42B-00805FC1270E}\ASYNCMAC"
"OK","SoftwareDevice","Microsoft Loosely-Coupled Bluetooth Device Enumerator","SWD\BTHLC\{E2CB947B-DD44-40E9-8605-09D4D4368D66}"
"OK","Computer","Microsoft Corporation Surface Pro X","SWD\COMPUTER\MFG_MICROSOFT_CORPORATION&FAM_SURFACE&PROD_SURFACE_PRO_X&SKU_SURFACE_PRO_X_H_1876"
"OK","SoftwareComponent","Qualcomm(R) Aqstic(TM) Sound Model Library Software Component","SWD\DRIVERENUM\{1C68F9DB-AFDD-41EC-A871-EA712C8CEEB3}#QCLISTENSOUNDMODEL_SWCOMPONENT&7&19A9E877&0"
"OK","SoftwareComponent","Generic software component","SWD\DRIVERENUM\{314B202B-0951-4CAA-B611-34AADC7ADF5B}#ESIMPATCHSWCOMPONENT&4&22F97AC3&0"
"OK","AudioProcessingObject","DolbyAPO SWC Device","SWD\DRIVERENUM\{3CDA8F51-BA87-4E24-9D06-5BAAB80146F1}#DOLBYAPO_DAX3APOSVC&7&19A9E877&0"
"OK","SoftwareComponent","DolbyAPO Software Device (HSA)","SWD\DRIVERENUM\{3CDA8F51-BA87-4E24-9D06-5BAAB80146F1}#DOLBYAPO_DAX3HSA&7&19A9E877&0"
"OK","SoftwareComponent","Generic software component","SWD\DRIVERENUM\{96BEDF2C-18CB-4A15-B821-5E95ED0FEA61}#VOCAEFFECTPACK&1&1C27CF65&0"
"OK","SoftwareComponent","Generic software component","SWD\DRIVERENUM\QDCMLIBRARY&3&E596AA7&0"
"OK","SoftwareDevice","Windows.Networking.NetworkOperators.MobileBroadbandAccount","SWD\MBAE\{4A65489E-495C-4BBD-840B-6E4550C162A1}"
"OK","SoftwareDevice","Windows.Devices.Sms.SmsDevice","SWD\MBAE\SMS_DEVICE_{FE0151CF-DDA7-45FB-8809-709C78878CA9}"
"OK","SoftwareDevice","Windows.Devices.Sms.SmsDevice","SWD\MBAE\SMS_OPERATOR_{4A65489E-495C-4BBD-840B-6E4550C162A1}"
"OK","SoftwareDevice","Mobile Broadband Firmware Device","SWD\MBFW\{FE0151CF-DDA7-45FB-8809-709C78878CA9}"
"Unknown","SoftwareDevice","MIDI 2.0 Virtual Devices","SWD\MIDISRV\MIDIU_APP_TRANSPORT"
"Unknown","SoftwareDevice","Service Test Loopback A","SWD\MIDISRV\MIDIU_DIAG_LOOPBACK_A"
"Unknown","SoftwareDevice","Service Test Loopback B","SWD\MIDISRV\MIDIU_DIAG_LOOPBACK_B"
"Unknown","SoftwareDevice","Service Test Ping (Internal)","SWD\MIDISRV\MIDIU_DIAG_PING"
"Unknown","SoftwareDevice","MIDI 2.0 Service Tests","SWD\MIDISRV\MIDIU_DIAG_TRANSPORT"
"Unknown","SoftwareDevice","MIDI 2.0 Loop Devices","SWD\MIDISRV\MIDIU_LOOP_TRANSPORT"
"OK","AudioEndpoint","스피커(Surface Qualcomm(R) Aqstic(TM))","SWD\MMDEVAPI\{0.0.0.00000000}.{82C720D8-472A-4D1C-836C-AEC7280DE57D}"
"OK","AudioEndpoint","Microphone Array(Surface Qualcomm(R) Aqstic(TM))","SWD\MMDEVAPI\{0.0.1.00000000}.{CDCDD24A-4282-43D6-BC0B-DED179612AAC}"
"OK","SoftwareDevice","Microsoft GS Wavetable Synth","SWD\MMDEVAPI\MICROSOFTGSWAVETABLESYNTH"
"OK","SoftwareDevice","Microsoft Device Association Root Enumerator","SWD\MSDAS\{CE958E9A-424F-4C88-86F4-11314821E75A}"
"OK","SoftwareDevice","Microsoft RRAS Root Enumerator","SWD\MSRRAS\{5E259276-BC7E-40E3-B93B-8F89B5F3ABC0}"
"OK","Net","WAN Miniport (IKEv2)","SWD\MSRRAS\MS_AGILEVPNMINIPORT"
"OK","Net","WAN Miniport (L2TP)","SWD\MSRRAS\MS_L2TPMINIPORT"
"OK","Net","WAN Miniport (Network Monitor)","SWD\MSRRAS\MS_NDISWANBH"
"OK","Net","WAN Miniport (IP)","SWD\MSRRAS\MS_NDISWANIP"
"OK","Net","WAN Miniport (IPv6)","SWD\MSRRAS\MS_NDISWANIPV6"
"OK","Net","WAN Miniport (PPPOE)","SWD\MSRRAS\MS_PPPOEMINIPORT"
"OK","Net","WAN Miniport (PPTP)","SWD\MSRRAS\MS_PPTPMINIPORT"
"OK","Net","WAN Miniport (SSTP)","SWD\MSRRAS\MS_SSTPMINIPORT"
"OK","PrintQueue","Microsoft Print to PDF","SWD\PRINTENUM\{51BA12F4-E273-4CA5-B457-286B80D929BA}"
"OK","PrintQueue","루트 인쇄 큐","SWD\PRINTENUM\PRINTQUEUES"
"OK","SoftwareDevice","Microsoft Radio Device Enumeration Bus","SWD\RADIO\{3DB5895D-CC28-44B3-AD3D-6F01A782B8D2}"
"OK","SoftwareDevice","WiFi","SWD\RADIO\{4B14CB01-27D5-43ED-84AF-EE7FAFDE9C68}"
"OK","SoftwareDevice","Mobile","SWD\RADIO\{FE0151CF-DDA7-45FB-8809-709C78878CA9}"
"OK","SoftwareDevice","Bluetooth","SWD\RADIO\BLUETOOTH_F01DBCA7DBA6"
"OK","SoftwareDevice","Microsoft UICC ISO Reader fe0151cf 0","SWD\SCDEVICEENUM\3_MICROSOFT_UICC_ISO_READER_FE0151CF_0"
"OK","SoftwareDevice","Smart Card Device Enumeration Bus","SWD\SCDEVICEENUMBUS\0"
"OK","SoftwareDevice","Microsoft Passport Container Enumeration Bus","SWD\SCDEVICEENUMBUS\1"
"OK","Sensor","Simple Device Orientation Sensor","SWD\SENSORSWDEVICEENUMERATOR\SDO#{00000000-0000-0000-FFFF-FFFFFFFFFFFF}#0000#5"
"OK","SoftwareDevice","Surface Camera Sensor Group","SWD\SGDEVAPI\59D80B4D3CCA684000F30FD88249483DA6AF6C9356EB5FB2AFB54F209327F641"
"OK","SoftwareDevice","Windows.Devices.Sms.SmsDevice2","SWD\SMSDEVICE\SMS_DEVICE2_{FE0151CF-DDA7-45FB-8809-709C78878CA9}"
"OK","SoftwareDevice","Uicc Iso Device","SWD\UICCISO\{FE0151CF-DDA7-45FB-8809-709C78878CA9}_0"
"Unknown","WPD","NO NAME","SWD\WPDBUSENUM\{CAC7FBB5-FBBE-11F0-BA09-00A0C6000000}#0000000000100000"
"OK","Firmware","Surface PD Controller","UEFI\RES_{1C2F07DE-4B1F-4061-8CCF-D20A580B7104}\0"
"OK","Firmware","Surface SMF","UEFI\RES_{2B257511-A44A-4EB0-908D-E4D003E5EC1E}\0"
"Error","Firmware","Surface System Aggregator","UEFI\RES_{53A9FBCB-9ACA-46E3-B908-951C34EBBAC4}\0"
"OK","Firmware","Surface Touch Firmware","UEFI\RES_{9B854ED9-77D3-4499-B07F-E08130655593}\0"
"Error","Firmware","Surface UEFI","UEFI\RES_{CCFC0EE2-BF85-4218-84D7-151D20678943}\0"
"OK","Firmware","Surface TCON","UEFI\RES_{EBDE24E9-24A5-44EC-83AE-DBBFA4055883}\0"
"Unknown","USBFunctionController","USB Synopsys Controller","URS\VEN_QCOM&DEV_0497&SUBSYS_CLS08180&FUNCTION\3&252BAFA3&0&0"
"Unknown","USBFunctionController","USB Synopsys Controller","URS\VEN_QCOM&DEV_0497&SUBSYS_CLS08180&FUNCTION\3&37E56048&0&0"
"OK","USB","Qualcomm(R) XHCI Filter Device","URS\VEN_QCOM&DEV_0497&SUBSYS_CLS08180&HOST\3&252BAFA3&0&0"
"Unknown","USB","Qualcomm(R) XHCI Filter Device","URS\VEN_QCOM&DEV_0497&SUBSYS_CLS08180&HOST\3&37E56048&0&0"
"OK","USB","USB Root Hub (USB 3.0)","USB\ROOT_HUB30\3&8D55026&0&0"
"OK","USB","USB Root Hub (USB 3.0)","USB\ROOT_HUB30\4&29F06F0&0&0"
"Unknown","USB","USB Root Hub (USB 3.0)","USB\ROOT_HUB30\4&2C2AB107&1&0"
"Unknown","HIDClass","USB Input Device","USB\VID_0461&PID_4E87\5&3A6D3B39&0&1"
"Unknown","Modem","SAMSUNG Mobile USB Modem #2","USB\VID_04E8&PID_6860&MODEM\6&1A4BFAEA&0&0001"
"Unknown","Modem","SAMSUNG Mobile USB Modem","USB\VID_04E8&PID_6860&MODEM\6&312B45E7&0&0001"
"Unknown","WPD","민석의 S25","USB\VID_04E8&PID_6860&MS_COMP_MTP&SAMSUNG_ANDROID\6&1A4BFAEA&0&0000"
"Unknown","WPD","Galaxy S23+","USB\VID_04E8&PID_6860&MS_COMP_MTP&SAMSUNG_ANDROID\6&312B45E7&0&0000"
"Unknown","USB","SAMSUNG Mobile USB Composite Device ","USB\VID_04E8&PID_6860\R3CWA0LTN9K"
"Unknown","USB","SAMSUNG Mobile USB Composite Device ","USB\VID_04E8&PID_6860\R3CY501H5GM"
"Unknown","Net","SAMSUNG Mobile USB Remote NDIS Network Device #2","USB\VID_04E8&PID_6863&RNDIS\6&1CA3E827&0&0000"
"Unknown","Net","SAMSUNG Mobile USB Remote NDIS Network Device #3","USB\VID_04E8&PID_6863&RNDIS\6&5C49D2A&0&0000"
"Unknown","USB","SAMSUNG Mobile USB Composite Device ","USB\VID_04E8&PID_6863\R3CWA0LTN9K"
"Unknown","USB","SAMSUNG Mobile USB Composite Device ","USB\VID_04E8&PID_6863\R3CY501H5GM"
"Unknown","Net"," ","USB\VID_05AC&PID_1902&MI_00\6&60D2BE4&0&0000"
"Unknown",,"NCM Data","USB\VID_05AC&PID_1902&MI_01\6&60D2BE4&0&0001"
"Unknown","Net"," ","USB\VID_05AC&PID_1902&MI_02\6&60D2BE4&0&0002"
"Unknown",,"NCM Data","USB\VID_05AC&PID_1902&MI_03\6&60D2BE4&0&0003"
"Unknown","USB","USB Composite Device","USB\VID_05AC&PID_1902\M2JVG373JQ"
"Unknown","USB","USB Mass Storage Device","USB\VID_0781&PID_55A9\0101D4CA9ACF411E9BC392FBA15957FCF0AB5826F59B75CCE65F62F393D45A91DE9F00000000000000000000F4A1CEF4FF9E4800A955810788AC51E9"
"OK","USBDevice","Generic Billboard Device","USB\VID_1D5C&PID_7102\5&2E4D24E3&0&1"
"Unknown","USBDevice","Generic Billboard Device","USB\VID_1D5C&PID_7102\5&3A6D3B39&0&1"
"Unknown","DiskDrive"," USB  SanDisk 3.2Gen1 USB Device","USBSTOR\DISK&VEN__USB&PROD__SANDISK_3.2GEN1&REV_1.00\0101D4CA9ACF411E9BC392FBA15957FCF0AB5826F59B75CCE65F62F393D45A9"
"OK","HIDClass","Surface Button VHF HID Device","VHF\HID_DEVICE_SYSTEM_VHF\3&12F55104&0&{8B47AF30-B90B-5DFD-BF61-87C9A03F89C3}"
"OK","HIDClass","Surface Button VHF HID Device","VHF\HID_DEVICE_SYSTEM_VHF\3&12F55104&0&{B5A92F8D-FC23-590D-A967-03B8F061939D}"
"OK","HIDClass","Virtual HID Framework (VHF) HID device","VHF\HID_DEVICE_SYSTEM_VHF\4&35415D16&0&{96C19D53-9C17-5038-A62F-8EFECDDE8512}"
"OK","HIDClass","Virtual HID Framework (VHF) HID device","VHF\HID_DEVICE_SYSTEM_VHF\7&19A9E877&0&{D49785C9-AFC3-51CB-8802-0249AF74237F}"
